{
	"market":[250000.0, 250458.1891164311, 244994.47168541484, 242502.22334390922, 251011.02057494473, 247949.415921546, 232288.36169599075, 227329.4034227478, 231217.25074512066, 227625.34852418036, 226334.9077011826, 233655.4177482934, 251605.91529660608, 245907.84539948084, 254424.15392750694, 254123.70204787998, 252287.9410633593, 255854.3048745313, 249348.0194212095, 246869.2914142871, 247916.36621478703, 241533.2660321123, 239613.37852129602, 246565.83501586385, 245377.54783193924, 241189.24862993942, 250175.76434958176, 247528.78329006827, 235787.12383424668, 235372.5002403615, 235019.46928179983, 235222.27430054802, 234636.39313527546, 230164.16690702815, 215919.74329391404, 215066.45995577346],
	"bot":[250000.0, 250000.0, 250000.0, 250000.0, 250000.0, 250000.0, 250000.0, 250000.0, 243561.9454360845, 243561.9454360845, 243561.9454360845, 243561.9454360845, 248994.7402127941, 248994.7402127941, 248994.7402127941, 248994.7402127941, 248994.7402127941, 248994.7402127941, 248994.7402127941, 248994.7402127941, 245399.33237072383, 245399.33237072383, 245399.33237072383, 237065.0818601878, 242929.9921097692, 242929.9921097692, 242929.9921097692, 251020.26710978255, 251020.26710978255, 251020.26710978255, 249456.0346248991, 249456.0346248991, 249456.0346248991, 249456.0346248991, 249456.0346248991, 249456.0346248991]
}