{
	"market":[249999.99999999997, 249010.1502804823, 244916.96485916138, 242891.0695882063, 248020.19387313107, 244997.9409248128, 232635.91496552917, 230758.84922235235, 233326.61199982074, 232443.98355300358, 232475.5631517293, 236831.200643541, 259572.77923940108, 250669.89290675268, 262203.2744629868, 262794.43174859224, 259100.89895168535, 264989.6406113639, 260901.68289388614, 258035.834309527, 255424.7562716443, 247401.9378778083, 247119.3218067798, 251324.4227654767, 250596.4916772821, 246902.74550470815, 252103.03057459934, 250361.88513134338, 238536.712350397, 238424.47674952043, 239312.8663393484, 239022.99549563965, 236836.9617865518, 231526.14812112055, 217338.90670575708, 215755.65925612976]
	"bot":[250000.0, 250000.0, 250000.0, 250000.0, 250000.0, 254130.48678498075, 254130.48678498075, 254130.48678498075, 254130.48678498075, 253742.8029970089, 253742.8029970089, 253742.8029970089, 257328.5145624174, 257328.5145624174, 257328.5145624174, 257328.5145624174, 257328.5145624174, 257328.5145624174, 257328.5145624174, 257328.5145624174, 253441.49302809467, 253441.49302809467, 244468.62645295344, 244468.62645295344, 244468.62645295344, 244468.62645295344, 244468.62645295344, 244468.62645295344, 244468.62645295344, 244468.62645295344, 243233.3970297694, 243233.3970297694, 243233.3970297694, 243233.3970297694, 243233.3970297694, 243233.3970297694]
}